mat_id,mat_type,description,uom,status,lead_time_days,lot_size,safety_stock,reorder_point,std_cost,proc_type,planner,is_hazmat,origin_country,batch_flag,created_date,last_changed_date,mat_type_label,proc_type_label,uom_is_valid,src_system,load_ts,record_hash,plant_count,plants,has_blocked_plant,has_plant_view,completeness_score,total_qty_on_hand,total_inventory_value,plant_inventory_count,last_movement_date
MAT00001,ROH,Material description for MAT00001,KG,PROTOTYPE,70.0,1,151,3.0,468.93,E,P103,False,,False,2022-11-12,2024-07-12,Raw Material,External,True,ERP_MAIN,2026-06-25 18:35:41,-1440806389423434105,1,US01,False,True,100.0,414.82,1147794.5,1.0,2026-06-11
MAT00002,VERP,Material description for MAT00002,BOX,ACTIVE,21.0,100,87,27.0,4786.09,F,P148,True,CN,False,2021-10-08,2023-09-28,Packaging,In-House,True,ERP_MAIN,2026-06-25 18:35:41,5748683868231229035,3,"DE01,US01,US02",False,True,100.0,211.97,97150.09,1.0,2026-05-29
MAT00003,ROH,Material description for MAT00003,M,ACTIVE,81.0,500,92,90.0,348.24,X,P137,True,DE,True,2019-04-06,2023-10-12,Raw Material,Both,True,ERP_MAIN,2026-06-25 18:35:41,-4075277416669008368,1,MX01,True,True,100.0,4958.51,7638634.24,1.0,2026-06-09
MAT00004,VERP,Material description for MAT00004,L,ACTIVE,90.0,1,155,68.0,3645.77,E,P134,False,,False,2023-08-14,2023-02-27,Packaging,External,True,ERP_MAIN,2026-06-25 18:35:41,9127594815932574215,1,MX01,False,True,100.0,2164.28,6292254.53,1.0,2026-06-24
MAT00005,HALB,Material description for MAT00005,M,OBSOLETE,73.0,50,54,50.0,4423.47,X,P133,False,DE,False,2021-04-18,2024-07-05,Semi-Finished,Both,True,ERP_MAIN,2026-06-25 18:35:41,7069496454239317845,2,"DE01,US02",False,True,100.0,53.85,16601.42,1.0,2026-01-25
MAT00006,FERT,Material description for MAT00006,PC,ACTIVE,18.0,500,126,6.0,4305.58,E,P187,False,IN,True,2019-04-26,2024-01-26,Finished Good,External,True,ERP_MAIN,2026-06-25 18:35:41,-1730313815393106547,1,US02,False,True,100.0,708.54,422594.51,1.0,2026-02-24
MAT00007,HIBE,Material description for MAT00007,PC,DISCONTINUED,,1,174,96.0,1334.49,X,P137,False,DE,False,2015-01-14,2023-09-27,MRO,Both,True,ERP_MAIN,2026-06-25 18:35:41,6570305274064605136,2,"MX01,US02",False,True,83.3,2260.52,3702437.89,1.0,2024-07-18
MAT00008,HIBE,Material description for MAT00008,EA,OBSOLETE,82.0,500,155,47.0,3812.67,X,P167,True,IN,False,2020-06-24,2023-01-20,MRO,Both,True,ERP_MAIN,2026-06-25 18:35:41,-1019871675084763821,2,"DE01,MX01",False,True,100.0,2002.8,4745214.01,1.0,2026-04-16
MAT00009,ROH,Material description for MAT00009,BOX,BLOCKED,31.0,500,20,62.0,4080.21,X,P116,False,IN,True,2017-12-21,2024-06-24,Raw Material,Both,True,ERP_MAIN,2026-06-25 18:35:41,-8934664718350914294,2,"DE01,US02",False,True,100.0,3469.85,2846387.35,1.0,2026-01-01
MAT00010,HIBE,Material description for MAT00010,PC,ACTIVE,40.0,100,171,56.0,4498.12,F,P128,True,CN,True,2021-08-06,2024-07-21,MRO,In-House,True,ERP_MAIN,2026-06-25 18:35:41,-8663806402989905461,1,DE01,False,True,100.0,2301.19,447443.38,1.0,2026-06-20
MAT00011,HALB,,SET,ACTIVE,5.0,50,18,35.0,3345.05,E,P192,False,DE,False,2019-07-26,2023-07-14,Semi-Finished,External,True,ERP_MAIN,2026-06-25 18:35:41,5849201254050293435,1,US02,True,True,83.3,1162.82,1420640.45,1.0,2025-02-07
MAT00012,ROH,Material description for MAT00012,M,ACTIVE,7.0,1,15,43.0,4003.06,E,P124,False,DE,False,2017-01-21,2023-10-13,Raw Material,External,True,ERP_MAIN,2026-06-25 18:35:41,-7749364529378876298,2,"MX01,US01",True,True,100.0,2706.3,7146634.66,1.0,2025-03-23
MAT00013,VERP,Material description for MAT00013,M,ACTIVE,13.0,1,166,1.0,4845.0,E,P162,False,DE,False,2015-08-29,2023-06-18,Packaging,External,True,ERP_MAIN,2026-06-25 18:35:41,4497465172795495075,2,"MX01,US02",False,True,100.0,4513.47,5824948.98,1.0,2025-12-14
MAT00014,VERP,Material description for MAT00014,BOX,PROTOTYPE,90.0,500,169,19.0,949.89,E,P174,True,,False,2015-08-23,2023-02-21,Packaging,External,True,ERP_MAIN,2026-06-25 18:35:41,324858300806368871,2,"MX01,US01",True,True,100.0,505.65,750981.27,1.0,2026-06-07
MAT00015,HIBE,Material description for MAT00015,PC,ACTIVE,11.0,10,17,86.0,4309.17,F,P172,False,IN,False,2015-06-12,2024-09-26,MRO,In-House,True,ERP_MAIN,2026-06-25 18:35:41,-2595783134374416118,2,"DE01,US01",False,True,100.0,466.82,928850.43,1.0,2026-03-19
MAT00016,ROH,Material description for MAT00016,PC,ACTIVE,86.0,50,61,16.0,3358.62,F,P196,True,US,False,2021-12-19,2024-07-30,Raw Material,In-House,True,ERP_MAIN,2026-06-25 18:35:41,-8915373746604511589,1,MX01,False,True,100.0,3152.61,3898927.37,1.0,2026-06-25
MAT00017,ROH,Material description for MAT00017,L,ACTIVE,9.0,10,94,56.0,4168.81,X,P183,True,,False,2018-05-11,2024-11-10,Raw Material,Both,True,ERP_MAIN,2026-06-25 18:35:41,4650985896297582888,1,DE01,False,True,100.0,4216.19,11917482.65,1.0,2026-06-06
MAT00018,ROH,Material description for MAT00018,EA,DISCONTINUED,20.0,50,72,91.0,1714.73,X,P133,False,CN,True,2016-01-14,2024-10-11,Raw Material,Both,True,ERP_MAIN,2026-06-25 18:35:41,-3643410531302008353,1,MX01,False,True,100.0,1232.93,3051008.58,1.0,2026-01-02
MAT00019,VERP,,L,OBSOLETE,34.0,10,189,90.0,2138.72,E,P188,False,IN,True,2019-02-21,2024-08-19,Packaging,External,True,ERP_MAIN,2026-06-25 18:35:41,-5770426038870593716,1,US02,False,True,83.3,254.43,119729.67,1.0,2026-06-13
MAT00020,HIBE,Material description for MAT00020,L,ACTIVE,6.0,50,53,85.0,514.42,X,P152,False,DE,True,2023-12-21,2023-07-01,MRO,Both,True,ERP_MAIN,2026-06-25 18:35:41,3213322142357345607,1,US01,False,True,100.0,1022.95,327998.69,1.0,2026-04-03
MAT00021,VERP,Material description for MAT00021,L,PROTOTYPE,86.0,10,68,89.0,540.92,E,P128,False,MX,False,2018-06-04,2023-08-22,Packaging,External,True,ERP_MAIN,2026-06-25 18:35:41,3126068714066479735,2,"DE01,US01",False,True,100.0,1790.56,1613455.71,1.0,2026-06-10
MAT00022,HALB,Material description for MAT00022,L,PROTOTYPE,,50,89,51.0,3397.75,X,P103,True,CN,True,2021-07-06,2023-09-29,Semi-Finished,Both,True,ERP_MAIN,2026-06-25 18:35:41,7634036941896649075,1,US02,False,True,83.3,344.45,406847.12,1.0,2025-06-08
MAT00023,ROH,Material description for MAT00023,SET,ACTIVE,66.0,1,98,24.0,1273.99,X,P166,False,CN,False,2015-10-14,2024-11-11,Raw Material,Both,True,ERP_MAIN,2026-06-25 18:35:41,6044182926768875071,2,"DE01,MX01",True,True,100.0,1874.08,2644251.92,1.0,2025-02-22
MAT00024,FERT,Material description for MAT00024,EA,ACTIVE,40.0,100,83,37.0,2772.29,E,P148,False,IN,False,2018-05-17,2024-02-20,Finished Good,External,True,ERP_MAIN,2026-06-25 18:35:41,-3523861343828605212,1,US02,True,True,100.0,1044.18,2198646.29,1.0,2024-07-23
MAT00025,HIBE,Material description for MAT00025,KG,OBSOLETE,84.0,50,119,86.0,1068.9,F,P194,False,,True,2018-03-08,2024-06-11,MRO,In-House,True,ERP_MAIN,2026-06-25 18:35:41,7876169461302970099,1,US01,True,True,100.0,812.12,1465762.9,1.0,2026-06-09
MAT00026,HIBE,Material description for MAT00026,BOX,ACTIVE,26.0,10,6,,4919.69,X,P109,False,MX,False,2021-06-15,2023-07-19,MRO,Both,True,ERP_MAIN,2026-06-25 18:35:41,-3883242112744934317,1,US01,True,True,100.0,749.5,882161.5,1.0,2026-06-16
MAT00027,VERP,Material description for MAT00027,SET,ACTIVE,14.0,100,56,89.0,2590.03,E,P115,False,DE,False,2022-06-27,2024-06-27,Packaging,External,True,ERP_MAIN,2026-06-25 18:35:41,-2828795346561334666,1,US01,False,True,100.0,3405.67,4672477.07,1.0,2026-06-20
MAT00028,HIBE,Material description for MAT00028,M,ACTIVE,65.0,100,140,20.0,3718.41,F,P196,False,,False,2023-08-03,2024-06-17,MRO,In-House,True,ERP_MAIN,2026-06-25 18:35:41,-7578358988095171962,3,"DE01,MX01,US02",False,True,100.0,2676.07,5485140.68,1.0,2025-06-28
MAT00029,VERP,Material description for MAT00029,EA,ACTIVE,43.0,50,138,19.0,1156.69,X,P127,True,MX,False,2018-09-17,2024-07-09,Packaging,Both,True,ERP_MAIN,2026-06-25 18:35:41,-9010255600182431994,3,"DE01,MX01,US02",True,True,100.0,2344.78,5860472.79,1.0,2026-06-20
MAT00030,VERP,Material description for MAT00030,M,ACTIVE,90.0,1,195,61.0,29.98,F,P149,False,IN,False,2023-03-29,2024-07-13,Packaging,In-House,True,ERP_MAIN,2026-06-25 18:35:41,-4136451634450273790,3,"DE01,US01,US02",True,True,100.0,872.91,1192403.79,1.0,2026-05-28
MAT00031,HIBE,Material description for MAT00031,L,BLOCKED,,50,171,51.0,3621.04,F,P179,True,MX,False,2021-04-30,2024-11-09,MRO,In-House,True,ERP_MAIN,2026-06-25 18:35:41,7040737868004178814,2,"MX01,US01",False,True,83.3,3533.73,2795321.78,1.0,2026-06-14
MAT00032,ROH,Material description for MAT00032,BOX,ACTIVE,,100,83,41.0,1687.83,F,P153,False,US,False,2015-03-21,2024-07-06,Raw Material,In-House,True,ERP_MAIN,2026-06-25 18:35:41,-3042459456416799783,4,"DE01,MX01,US01,US02",True,True,83.3,0.0,0.0,,
MAT00033,ROH,Material description for MAT00033,SET,DISCONTINUED,6.0,1,63,2.0,3106.87,E,P185,True,IN,True,2020-03-19,2024-12-17,Raw Material,External,True,ERP_MAIN,2026-06-25 18:35:41,5585269089813959515,4,"DE01,MX01,US01,US02",True,True,100.0,1664.59,4627010.89,1.0,2026-06-25
MAT00034,FERT,Material description for MAT00034,PC,OBSOLETE,21.0,50,27,39.0,2879.2,F,P191,False,US,False,2022-09-29,2024-10-04,Finished Good,In-House,True,ERP_MAIN,2026-06-25 18:35:41,-1207273590085231585,3,"DE01,MX01,US01",True,True,100.0,2924.46,8512810.61,1.0,2025-01-08
MAT00035,HALB,Material description for MAT00035,BOX,ACTIVE,73.0,1,88,84.0,1853.17,X,P101,False,MX,True,2019-11-11,2024-01-06,Semi-Finished,Both,True,ERP_MAIN,2026-06-25 18:35:41,3272893830337520059,0,,,False,100.0,0.0,0.0,,
MAT00036,VERP,Material description for MAT00036,SET,ACTIVE,79.0,500,198,55.0,4128.76,X,P131,True,CN,False,2017-09-25,2024-04-20,Packaging,Both,True,ERP_MAIN,2026-06-25 18:35:41,-3310235551332938733,1,DE01,False,True,100.0,316.42,377463.75,1.0,2026-06-13
MAT00037,HIBE,Material description for MAT00037,EA,ACTIVE,63.0,10,90,43.0,1398.65,X,P135,True,IN,True,2015-12-17,2023-09-05,MRO,Both,True,ERP_MAIN,2026-06-25 18:35:41,1809585006730230606,3,"MX01,US01,US02",False,True,100.0,2175.69,681861.25,1.0,2026-06-08
MAT00038,VERP,Material description for MAT00038,SET,ACTIVE,58.0,1,23,51.0,3459.09,F,P147,False,IN,False,2018-11-09,2024-03-11,Packaging,In-House,True,ERP_MAIN,2026-06-25 18:35:41,5123985368529386857,3,"DE01,US01,US02",True,True,100.0,1033.68,2859468.98,1.0,2026-06-19
MAT00039,HIBE,Material description for MAT00039,L,ACTIVE,25.0,50,30,97.0,3450.97,E,P161,False,,False,2023-07-11,2024-06-21,MRO,External,True,ERP_MAIN,2026-06-25 18:35:41,2703152685339574521,2,"US01,US02",True,True,100.0,1614.02,1581658.9,1.0,2026-06-10
MAT00040,HIBE,Material description for MAT00040,KG,ACTIVE,39.0,1,181,35.0,228.06,E,P189,False,,False,2016-02-25,2023-01-13,MRO,External,True,ERP_MAIN,2026-06-25 18:35:41,1094090711474051527,4,"DE01,MX01,US01,US02",False,True,100.0,0.0,0.0,,
MAT00041,HIBE,Material description for MAT00041,L,ACTIVE,,100,29,51.0,2458.99,X,P106,False,DE,False,2018-05-29,2023-03-29,MRO,Both,True,ERP_MAIN,2026-06-25 18:35:41,-4503165889489633498,2,"DE01,MX01",False,True,83.3,0.0,0.0,,
MAT00042,HALB,Material description for MAT00042,PC,ACTIVE,67.0,100,115,38.0,4300.9,F,P179,True,IN,False,2016-02-11,2023-08-01,Semi-Finished,In-House,True,ERP_MAIN,2026-06-25 18:35:41,-1262933411443648886,0,,,False,100.0,0.0,0.0,,
MAT00043,HALB,Material description for MAT00043,KG,ACTIVE,,1,104,76.0,2349.83,E,P190,False,,False,2015-10-19,2024-12-04,Semi-Finished,External,True,ERP_MAIN,2026-06-25 18:35:41,-8383938489700286619,0,,,False,83.3,0.0,0.0,,
MAT00044,HALB,Material description for MAT00044,SET,BLOCKED,26.0,100,29,82.0,745.37,F,P109,True,DE,False,2021-09-03,2024-08-05,Semi-Finished,In-House,True,ERP_MAIN,2026-06-25 18:35:41,3916239049664898220,1,US02,False,True,100.0,576.25,413851.22,1.0,2026-06-05
MAT00045,FERT,Material description for MAT00045,L,ACTIVE,65.0,500,126,76.0,199.78,F,P177,False,US,True,2017-07-26,2024-11-21,Finished Good,In-House,True,ERP_MAIN,2026-06-25 18:35:41,8500002978674993297,1,US01,False,True,100.0,0.0,0.0,,
MAT00046,HIBE,,BOX,ACTIVE,6.0,10,120,56.0,4580.41,E,P155,False,US,False,2018-11-26,2024-02-23,MRO,External,True,ERP_MAIN,2026-06-25 18:35:41,-3702556654643435374,2,"MX01,US01",False,True,83.3,2337.42,5709802.83,1.0,2026-06-01
MAT00047,FERT,Material description for MAT00047,KG,ACTIVE,37.0,100,194,58.0,440.75,F,P198,False,IN,True,2022-05-17,2024-07-09,Finished Good,In-House,True,ERP_MAIN,2026-06-25 18:35:41,618634177749464169,4,"DE01,MX01,US01,US02",False,True,100.0,3169.36,2668442.65,1.0,2025-12-29
MAT00048,VERP,Material description for MAT00048,L,ACTIVE,57.0,1,52,16.0,4638.4,F,P162,True,US,False,2021-10-29,2023-09-03,Packaging,In-House,True,ERP_MAIN,2026-06-25 18:35:41,798443492826952570,1,MX01,False,True,100.0,3560.57,10439840.48,1.0,2026-06-06
MAT00049,HALB,,M,ACTIVE,15.0,100,30,19.0,2492.13,X,P190,False,MX,False,2020-04-18,2023-09-07,Semi-Finished,Both,True,ERP_MAIN,2026-06-25 18:35:41,73068964472382330,0,,,False,83.3,0.0,0.0,,
MAT00050,VERP,Material description for MAT00050,PC,ACTIVE,9.0,50,197,53.0,1699.71,X,P100,False,,False,2021-08-01,2024-08-16,Packaging,Both,True,ERP_MAIN,2026-06-25 18:35:41,7827412220557711262,1,US02,False,True,100.0,3703.52,1913201.4,1.0,2026-06-10
MAT00051,VERP,Material description for MAT00051,M,BLOCKED,70.0,100,116,24.0,4903.88,E,P129,False,US,False,2023-05-09,2024-04-29,Packaging,External,True,ERP_MAIN,2026-06-25 18:35:41,1370015334840480386,2,"DE01,US02",False,True,100.0,665.57,1422928.76,1.0,2024-12-19
MAT00052,VERP,Material description for MAT00052,BOX,ACTIVE,5.0,10,128,42.0,4348.57,F,P158,True,,True,2019-08-07,2024-11-01,Packaging,In-House,True,ERP_MAIN,2026-06-25 18:35:41,2605486598151823403,3,"DE01,MX01,US02",True,True,100.0,4138.28,5620073.92,1.0,2026-02-06
MAT00053,HALB,Material description for MAT00053,L,ACTIVE,84.0,1,84,68.0,1900.36,F,P197,False,IN,True,2021-12-04,2023-03-12,Semi-Finished,In-House,True,ERP_MAIN,2026-06-25 18:35:41,-8731322612247437492,1,US02,True,True,100.0,2900.61,7094718.02,1.0,2026-05-15
MAT00054,HALB,Material description for MAT00054,KG,ACTIVE,13.0,1,113,38.0,4517.17,E,P107,False,CN,False,2019-10-31,2023-05-30,Semi-Finished,External,True,ERP_MAIN,2026-06-25 18:35:41,-8703312830520314323,1,DE01,True,True,100.0,3784.62,1539810.49,1.0,2025-03-02
MAT00055,HALB,Material description for MAT00055,BOX,ACTIVE,79.0,100,158,63.0,4564.19,E,P181,False,MX,False,2022-06-24,2023-01-10,Semi-Finished,External,True,ERP_MAIN,2026-06-25 18:35:41,6721853898537695384,2,"DE01,MX01",False,True,100.0,2676.8,1830556.45,1.0,2026-06-14
MAT00056,VERP,Material description for MAT00056,KG,BLOCKED,76.0,50,163,88.0,1250.87,F,P149,False,US,True,2019-04-12,2024-08-08,Packaging,In-House,True,ERP_MAIN,2026-06-25 18:35:41,-5322480948102092927,2,"DE01,US02",True,True,100.0,4988.03,5426827.0,1.0,2026-05-29
MAT00057,FERT,Material description for MAT00057,INVALID,ACTIVE,51.0,50,2,87.0,3891.67,E,P195,False,CN,True,2021-10-22,2023-12-27,Finished Good,External,False,ERP_MAIN,2026-06-25 18:35:41,-8880669244539761193,0,,,False,100.0,0.0,0.0,,
MAT00058,HALB,Material description for MAT00058,SET,ACTIVE,88.0,10,160,80.0,3231.88,F,P104,False,,True,2016-01-05,2023-10-30,Semi-Finished,In-House,True,ERP_MAIN,2026-06-25 18:35:41,5677462978341545239,0,,,False,100.0,0.0,0.0,,
MAT00059,FERT,Material description for MAT00059,KG,ACTIVE,47.0,500,128,21.0,1285.22,F,P137,False,US,False,2015-11-05,2023-05-25,Finished Good,In-House,True,ERP_MAIN,2026-06-25 18:35:41,3104807391026959579,1,DE01,False,True,100.0,3920.31,771752.23,1.0,2026-06-18
MAT00060,HALB,Material description for MAT00060,M,BLOCKED,47.0,1,101,,2683.09,F,P195,False,IN,False,2022-02-28,2024-01-16,Semi-Finished,In-House,True,ERP_MAIN,2026-06-25 18:35:41,5150601515880146609,1,MX01,True,True,100.0,4071.81,11425132.4,1.0,2025-02-10
MAT00061,ROH,Material description for MAT00061,PC,ACTIVE,79.0,10,165,59.0,4546.98,F,P114,False,US,True,2018-05-31,2024-05-19,Raw Material,In-House,True,ERP_MAIN,2026-06-25 18:35:41,5578690202392667267,2,"DE01,US01",False,True,100.0,408.72,614878.37,1.0,2026-06-24
MAT00062,ROH,Material description for MAT00062,KG,ACTIVE,90.0,500,107,93.0,773.04,F,P162,False,CN,True,2022-09-28,2024-01-15,Raw Material,In-House,True,ERP_MAIN,2026-06-25 18:35:41,6332527578398902631,1,DE01,True,True,100.0,3063.04,4181754.1,1.0,2026-05-27
MAT00063,HALB,Material description for MAT00063,BOX,ACTIVE,48.0,500,165,50.0,1379.77,E,P158,True,,True,2022-03-13,2024-10-16,Semi-Finished,External,True,ERP_MAIN,2026-06-25 18:35:41,1322904825631770391,1,US01,False,True,100.0,3557.04,6433404.83,1.0,2026-01-19
MAT00064,HIBE,Material description for MAT00064,L,DISCONTINUED,73.0,10,17,70.0,1036.18,E,P129,False,DE,False,2015-01-12,2023-10-11,MRO,External,True,ERP_MAIN,2026-06-25 18:35:41,-3095852506687964108,2,"DE01,MX01",False,True,100.0,3039.09,4506818.52,1.0,2026-06-19
MAT00065,HALB,Material description for MAT00065,BOX,DISCONTINUED,4.0,10,3,100.0,1190.04,F,,False,US,True,2023-04-27,2024-03-07,Semi-Finished,In-House,True,ERP_MAIN,2026-06-25 18:35:41,-2428173574863208414,2,"DE01,MX01",False,True,83.3,4604.09,10981261.1,1.0,2026-03-23
MAT00066,HIBE,Material description for MAT00066,M,ACTIVE,14.0,100,128,78.0,217.3,X,P158,True,US,False,2019-07-04,2024-03-12,MRO,Both,True,ERP_MAIN,2026-06-25 18:35:41,-6803449719397728185,1,US02,False,True,100.0,96.28,193435.19,1.0,2026-06-03
MAT00067,ROH,Material description for MAT00067,EA,ACTIVE,19.0,1,32,81.0,2927.03,X,P176,False,MX,False,2021-10-15,2024-03-16,Raw Material,Both,True,ERP_MAIN,2026-06-25 18:35:41,5314487792470246360,2,"DE01,US01",True,True,100.0,4790.46,14173869.33,1.0,2026-06-18
MAT00068,ROH,Material description for MAT00068,SET,OBSOLETE,28.0,100,115,52.0,1694.99,F,P193,True,CN,False,2018-07-04,2024-11-12,Raw Material,In-House,True,ERP_MAIN,2026-06-25 18:35:41,6581944928079456242,4,"DE01,MX01,US01,US02",False,True,100.0,1715.85,3187980.67,1.0,2026-01-23
MAT00069,FERT,Material description for MAT00069,M,ACTIVE,12.0,100,24,47.0,4058.94,X,,False,,True,2019-08-10,2023-12-29,Finished Good,Both,True,ERP_MAIN,2026-06-25 18:35:41,-3484010574655304862,1,US02,False,True,83.3,2885.1,8551032.49,1.0,2026-01-29
MAT00070,VERP,Material description for MAT00070,L,BLOCKED,74.0,500,54,61.0,1121.61,E,P171,False,US,False,2021-06-09,2023-08-20,Packaging,External,True,ERP_MAIN,2026-06-25 18:35:41,6195771972699266689,2,"DE01,US02",True,True,100.0,914.95,1181538.98,1.0,2026-06-17
MAT00071,VERP,Material description for MAT00071,BOX,OBSOLETE,72.0,1,155,88.0,1337.6,E,P197,False,CN,False,2015-01-26,2023-07-05,Packaging,External,True,ERP_MAIN,2026-06-25 18:35:41,-3206261917408453255,3,"DE01,US01,US02",True,True,100.0,997.61,274911.39,1.0,2026-05-26
MAT00072,HALB,Material description for MAT00072,KG,ACTIVE,12.0,500,55,58.0,1704.81,F,P141,True,US,True,2016-10-06,2024-09-24,Semi-Finished,In-House,True,ERP_MAIN,2026-06-25 18:35:41,-4420201513603490680,2,"DE01,MX01",False,True,100.0,0.0,0.0,,
MAT00073,ROH,Material description for MAT00073,SET,ACTIVE,54.0,50,55,14.0,1726.19,E,P186,False,IN,False,2018-06-17,2023-02-16,Raw Material,External,True,ERP_MAIN,2026-06-25 18:35:41,1822456235239466953,1,US01,False,True,100.0,781.22,1080083.52,1.0,2026-03-02
MAT00074,HALB,Material description for MAT00074,EA,ACTIVE,18.0,50,74,0.0,2487.18,F,P148,False,IN,False,2022-06-29,2023-12-29,Semi-Finished,In-House,True,ERP_MAIN,2026-06-25 18:35:41,-8918275817227973207,1,US02,True,True,100.0,3144.45,3082095.56,1.0,2026-05-30
MAT00075,ROH,Material description for MAT00075,INVALID,ACTIVE,41.0,500,109,90.0,3200.89,F,P102,False,DE,False,2020-02-28,2024-12-07,Raw Material,In-House,False,ERP_MAIN,2026-06-25 18:35:41,8917280984119503345,4,"DE01,MX01,US01,US02",True,True,100.0,4700.61,13711538.35,1.0,2026-06-15
MAT00076,FERT,Material description for MAT00076,KG,ACTIVE,11.0,100,79,28.0,1665.68,E,P181,True,IN,False,2017-03-05,2023-12-24,Finished Good,External,True,ERP_MAIN,2026-06-25 18:35:41,5512460311121453768,2,"MX01,US02",True,True,100.0,3421.58,601240.04,1.0,2025-08-26
MAT00077,FERT,Material description for MAT00077,BOX,ACTIVE,33.0,10,44,97.0,3795.88,E,P198,False,MX,False,2023-07-10,2024-08-16,Finished Good,External,True,ERP_MAIN,2026-06-25 18:35:41,-1153128217781593741,1,DE01,False,True,100.0,122.06,86032.77,1.0,2025-11-11
MAT00078,VERP,Material description for MAT00078,SET,ACTIVE,81.0,50,38,60.0,2211.32,F,P175,True,CN,False,2015-10-31,2023-11-14,Packaging,In-House,True,ERP_MAIN,2026-06-25 18:35:41,-1508919669253091744,2,"MX01,US02",False,True,100.0,470.81,968088.94,1.0,2026-02-10
MAT00079,VERP,Material description for MAT00079,BOX,ACTIVE,12.0,500,152,59.0,2901.86,X,P157,False,CN,False,2020-05-02,2024-05-28,Packaging,Both,True,ERP_MAIN,2026-06-25 18:35:41,6709141731242486075,2,"DE01,US01",False,True,100.0,1956.19,3471161.35,1.0,2026-06-18
MAT00080,HALB,Material description for MAT00080,BOX,DISCONTINUED,11.0,500,165,31.0,3538.25,F,P178,False,CN,False,2018-03-04,2024-02-01,Semi-Finished,In-House,True,ERP_MAIN,2026-06-25 18:35:41,6856293116480350266,2,"MX01,US01",False,True,100.0,4433.26,725192.67,1.0,2026-06-05
MAT00081,VERP,Material description for MAT00081,EA,OBSOLETE,9.0,50,24,49.0,1421.09,X,P177,False,CN,True,2021-07-14,2024-11-10,Packaging,Both,True,ERP_MAIN,2026-06-25 18:35:41,-7663541930590161691,0,,,False,100.0,0.0,0.0,,
MAT00082,HALB,Material description for MAT00082,SET,BLOCKED,77.0,1,79,82.0,3958.41,E,P194,True,,False,2019-10-01,2024-06-04,Semi-Finished,External,True,ERP_MAIN,2026-06-25 18:35:41,3766562041241509548,1,US02,False,True,100.0,631.5,1048365.78,1.0,2026-05-26
MAT00083,FERT,Material description for MAT00083,KG,PROTOTYPE,25.0,10,35,37.0,4222.22,E,P169,True,,False,2023-08-05,2024-09-24,Finished Good,External,True,ERP_MAIN,2026-06-25 18:35:41,1929241528547488689,3,"DE01,MX01,US01",False,True,100.0,0.0,0.0,,
MAT00084,HALB,Material description for MAT00084,KG,ACTIVE,22.0,100,11,86.0,3598.07,F,P196,False,DE,False,2017-09-06,2023-11-13,Semi-Finished,In-House,True,ERP_MAIN,2026-06-25 18:35:41,4445561676360433199,3,"MX01,US01,US02",False,True,100.0,2844.01,8109040.39,1.0,2026-05-27
MAT00085,VERP,Material description for MAT00085,SET,BLOCKED,60.0,50,199,67.0,2093.59,E,P177,False,CN,True,2022-03-11,2024-05-07,Packaging,External,True,ERP_MAIN,2026-06-25 18:35:41,1750714057012350068,3,"MX01,US01,US02",True,True,100.0,485.34,688551.86,1.0,2026-06-10
MAT00086,FERT,Material description for MAT00086,BOX,ACTIVE,11.0,10,69,65.0,737.17,F,P128,False,CN,True,2019-08-27,2023-02-24,Finished Good,In-House,True,ERP_MAIN,2026-06-25 18:35:41,-1250517224261316919,2,"US01,US02",False,True,100.0,4356.69,6909318.24,1.0,2026-06-08
MAT00087,VERP,Material description for MAT00087,EA,ACTIVE,,1,182,18.0,688.43,F,P160,False,,False,2020-01-12,2024-09-22,Packaging,In-House,True,ERP_MAIN,2026-06-25 18:35:41,-4946948159830497395,2,"DE01,US01",True,True,83.3,4922.01,5491338.9,1.0,2026-05-30
MAT00088,ROH,,KG,BLOCKED,78.0,500,108,36.0,1188.58,E,,False,,False,2020-02-16,2023-03-06,Raw Material,External,True,ERP_MAIN,2026-06-25 18:35:41,-3010080489280674557,1,DE01,False,True,66.7,4189.89,5354763.22,1.0,2026-06-20
MAT00089,ROH,Material description for MAT00089,INVALID,OBSOLETE,31.0,10,74,78.0,1764.4,X,P185,True,IN,False,2015-10-05,2024-06-22,Raw Material,Both,False,ERP_MAIN,2026-06-25 18:35:41,1194818079755674714,4,"DE01,MX01,US01,US02",True,True,100.0,4375.68,1910246.86,1.0,2025-12-05
MAT00090,HIBE,Material description for MAT00090,INVALID,ACTIVE,6.0,100,95,2.0,1785.79,E,P193,True,IN,False,2023-06-27,2023-12-07,MRO,External,False,ERP_MAIN,2026-06-25 18:35:41,-1605322328311063332,3,"MX01,US01,US02",True,True,100.0,1866.34,3028192.64,1.0,2026-06-15
MAT00091,HALB,Material description for MAT00091,BOX,PROTOTYPE,88.0,100,178,23.0,4057.58,E,P158,True,CN,True,2015-06-29,2023-07-24,Semi-Finished,External,True,ERP_MAIN,2026-06-25 18:35:41,5680872584434153596,2,"DE01,MX01",False,True,100.0,542.46,1438679.86,1.0,2026-05-26
MAT00092,ROH,Material description for MAT00092,M,ACTIVE,33.0,1,192,36.0,1785.19,E,P142,False,US,False,2019-11-25,2024-02-14,Raw Material,External,True,ERP_MAIN,2026-06-25 18:35:41,1577362188271601316,3,"DE01,MX01,US01",False,True,100.0,98.97,169702.87,1.0,2026-06-13
MAT00093,VERP,Material description for MAT00093,KG,BLOCKED,67.0,50,21,10.0,2153.32,E,P141,True,US,False,2022-05-31,2023-10-30,Packaging,External,True,ERP_MAIN,2026-06-25 18:35:41,-7426048721391982842,2,"DE01,MX01",False,True,100.0,4027.38,10823624.02,1.0,2026-06-25
MAT00094,FERT,Material description for MAT00094,KG,ACTIVE,6.0,50,157,35.0,3197.53,E,P181,False,CN,False,2023-12-26,2024-11-26,Finished Good,External,True,ERP_MAIN,2026-06-25 18:35:41,-3727909176441616952,1,DE01,False,True,100.0,4745.61,5410991.98,1.0,2026-05-26
MAT00095,HALB,Material description for MAT00095,PC,DISCONTINUED,17.0,1,60,46.0,1811.07,X,,False,,False,2019-02-28,2024-01-16,Semi-Finished,Both,True,ERP_MAIN,2026-06-25 18:35:41,2121593844326918874,1,MX01,False,True,83.3,4463.19,12644440.43,1.0,2026-06-21
MAT00096,VERP,Material description for MAT00096,PC,OBSOLETE,36.0,10,29,,930.65,X,P171,True,CN,False,2022-11-23,2024-04-01,Packaging,Both,True,ERP_MAIN,2026-06-25 18:35:41,-2701423065919573930,1,US01,False,True,100.0,2190.54,270838.37,1.0,2026-01-17
MAT00097,HALB,Material description for MAT00097,M,DISCONTINUED,10.0,100,44,56.0,4986.31,X,P140,False,,True,2021-03-02,2024-07-09,Semi-Finished,Both,True,ERP_MAIN,2026-06-25 18:35:41,-184406515460061900,2,"DE01,MX01",True,True,100.0,2866.72,6993592.78,1.0,2026-06-05
MAT00098,FERT,Material description for MAT00098,SET,BLOCKED,23.0,50,130,25.0,3960.43,E,P103,False,IN,False,2019-02-20,2024-04-23,Finished Good,External,True,ERP_MAIN,2026-06-25 18:35:41,-4731551923811688458,0,,,False,100.0,0.0,0.0,,
MAT00099,HIBE,Material description for MAT00099,EA,ACTIVE,62.0,500,105,73.0,369.22,F,P157,False,,False,2018-11-12,2023-05-12,MRO,In-House,True,ERP_MAIN,2026-06-25 18:35:41,-5590976150243653694,2,"DE01,US02",True,True,100.0,4130.67,12301300.49,1.0,2026-01-19
MAT00100,HIBE,Material description for MAT00100,KG,ACTIVE,8.0,1,132,21.0,810.25,X,P166,False,US,False,2017-03-15,2024-10-12,MRO,Both,True,ERP_MAIN,2026-06-25 18:35:41,2608875683123584228,2,"DE01,US01",False,True,100.0,3010.76,3240571.31,1.0,2025-07-11
MAT00101,HIBE,Material description for MAT00101,PC,ACTIVE,22.0,500,148,84.0,3122.58,X,P172,True,US,True,2015-07-06,2024-10-18,MRO,Both,True,ERP_MAIN,2026-06-25 18:35:41,-727358076868110937,2,"US01,US02",False,True,100.0,556.83,29445.17,1.0,2026-06-02
MAT00102,HIBE,Material description for MAT00102,PC,ACTIVE,64.0,500,74,38.0,2414.98,X,P158,True,,True,2016-10-09,2024-03-26,MRO,Both,True,ERP_MAIN,2026-06-25 18:35:41,4523022559883904222,3,"DE01,MX01,US01",False,True,100.0,3096.38,8640479.35,1.0,2026-02-01
MAT00103,VERP,Material description for MAT00103,PC,ACTIVE,41.0,50,102,47.0,2575.14,E,P159,True,CN,False,2017-10-12,2023-05-25,Packaging,External,True,ERP_MAIN,2026-06-25 18:35:41,3090285565038563900,1,US02,False,True,100.0,791.4,2334566.69,1.0,2026-03-23
MAT00104,ROH,Material description for MAT00104,BOX,ACTIVE,21.0,50,147,24.0,3815.73,F,P159,False,CN,False,2015-04-05,2023-04-03,Raw Material,In-House,True,ERP_MAIN,2026-06-25 18:35:41,-7892854714961331968,2,"DE01,MX01",True,True,100.0,4126.16,10082602.05,1.0,2026-06-25
MAT00105,VERP,Material description for MAT00105,KG,ACTIVE,,50,126,83.0,3362.77,F,P113,False,DE,False,2023-02-27,2024-01-10,Packaging,In-House,True,ERP_MAIN,2026-06-25 18:35:41,-3557732562367340765,1,US01,False,True,83.3,3698.56,5428746.37,1.0,2026-06-15
MAT00106,VERP,Material description for MAT00106,PC,ACTIVE,37.0,1,98,97.0,2749.51,X,P115,False,US,False,2019-03-09,2023-12-14,Packaging,Both,True,ERP_MAIN,2026-06-25 18:35:41,-4278775909603962399,2,"MX01,US02",True,True,100.0,4465.92,6635731.89,1.0,2026-05-27
MAT00107,HIBE,Material description for MAT00107,KG,DISCONTINUED,6.0,1,9,42.0,4019.93,X,P177,False,CN,False,2018-07-28,2023-06-16,MRO,Both,True,ERP_MAIN,2026-06-25 18:35:41,7714241092668220201,1,MX01,False,True,100.0,2993.96,1433208.65,1.0,2025-08-06
MAT00108,VERP,Material description for MAT00108,L,DISCONTINUED,66.0,500,125,38.0,2374.73,E,P186,True,MX,False,2018-06-14,2024-12-05,Packaging,External,True,ERP_MAIN,2026-06-25 18:35:41,6386677994365967255,4,"DE01,MX01,US01,US02",False,True,100.0,2154.15,2561370.52,1.0,2026-06-04
MAT00109,ROH,Material description for MAT00109,SET,ACTIVE,74.0,10,184,,2402.5,X,P179,False,DE,False,2017-09-19,2023-02-02,Raw Material,Both,True,ERP_MAIN,2026-06-25 18:35:41,-187108828210068265,1,US02,True,True,100.0,4001.3,11369773.98,1.0,2026-06-09
MAT00110,HIBE,Material description for MAT00110,EA,DISCONTINUED,53.0,10,105,78.0,4602.64,X,P190,False,IN,True,2021-04-16,2023-11-29,MRO,Both,True,ERP_MAIN,2026-06-25 18:35:41,-1481951309195238126,3,"DE01,US01,US02",False,True,100.0,3852.22,3037668.08,1.0,2025-08-25
MAT00111,VERP,Material description for MAT00111,KG,ACTIVE,70.0,50,173,92.0,3403.89,X,P161,False,DE,False,2021-04-04,2023-11-02,Packaging,Both,True,ERP_MAIN,2026-06-25 18:35:41,8211962001686738184,4,"DE01,MX01,US01,US02",False,True,100.0,126.42,29909.71,1.0,2026-04-18
MAT00112,HALB,Material description for MAT00112,BOX,DISCONTINUED,63.0,50,122,92.0,1367.65,E,P169,False,MX,False,2023-09-02,2023-05-30,Semi-Finished,External,True,ERP_MAIN,2026-06-25 18:35:41,2640420094870445796,2,"DE01,MX01",False,True,100.0,0.0,0.0,,
MAT00113,FERT,Material description for MAT00113,EA,PROTOTYPE,33.0,100,54,68.0,1356.03,X,P117,True,IN,False,2021-07-31,2023-09-03,Finished Good,Both,True,ERP_MAIN,2026-06-25 18:35:41,-3862589154154329147,3,"DE01,US01,US02",True,True,100.0,138.27,356480.8,1.0,2026-04-11
MAT00114,HALB,Material description for MAT00114,KG,ACTIVE,,100,84,12.0,3406.12,E,,False,MX,False,2020-05-02,2024-05-03,Semi-Finished,External,True,ERP_MAIN,2026-06-25 18:35:41,-4923828191095505855,1,US02,False,True,66.7,1948.86,2786674.91,1.0,2026-06-15
MAT00115,HALB,Material description for MAT00115,L,OBSOLETE,12.0,500,59,92.0,4251.74,E,P122,False,DE,True,2019-06-15,2024-05-22,Semi-Finished,External,True,ERP_MAIN,2026-06-25 18:35:41,6169810894952576500,2,"DE01,MX01",True,True,100.0,0.0,0.0,,
MAT00116,HALB,Material description for MAT00116,L,DISCONTINUED,,500,154,42.0,1423.17,X,P163,False,IN,False,2018-01-22,2023-07-17,Semi-Finished,Both,True,ERP_MAIN,2026-06-25 18:35:41,8473306060085480145,1,DE01,False,True,83.3,1516.2,4005406.19,1.0,2026-06-20
MAT00117,ROH,Material description for MAT00117,SET,ACTIVE,44.0,50,145,24.0,877.89,X,P154,False,US,False,2022-07-04,2023-04-08,Raw Material,Both,True,ERP_MAIN,2026-06-25 18:35:41,4924850158250665363,2,"DE01,MX01",False,True,100.0,2652.75,2003834.29,1.0,2026-06-01
MAT00118,HALB,Material description for MAT00118,INVALID,DISCONTINUED,58.0,50,84,92.0,2864.6,F,P188,False,US,False,2016-04-29,2024-04-21,Semi-Finished,In-House,False,ERP_MAIN,2026-06-25 18:35:41,-510419543248839870,1,DE01,False,True,100.0,4416.3,1748987.29,1.0,2026-06-23
MAT00119,FERT,Material description for MAT00119,SET,ACTIVE,82.0,50,94,28.0,4786.82,F,P195,False,MX,False,2021-02-27,2024-04-27,Finished Good,In-House,True,ERP_MAIN,2026-06-25 18:35:41,-1783056736937192611,0,,,False,100.0,0.0,0.0,,
MAT00120,HIBE,Material description for MAT00120,BOX,OBSOLETE,11.0,500,114,46.0,390.97,X,P170,False,IN,False,2016-09-05,2023-06-18,MRO,Both,True,ERP_MAIN,2026-06-25 18:35:41,4115377542655417108,3,"DE01,MX01,US02",True,True,100.0,1828.55,4966579.51,1.0,2026-06-21
MAT00121,FERT,Material description for MAT00121,SET,BLOCKED,12.0,500,114,58.0,660.16,F,P107,False,,False,2023-02-10,2023-01-23,Finished Good,In-House,True,ERP_MAIN,2026-06-25 18:35:41,-445520452696451724,1,MX01,True,True,100.0,1133.2,1155286.07,1.0,2026-06-01
MAT00122,VERP,,KG,ACTIVE,,50,179,7.0,4672.95,E,P160,True,CN,False,2017-01-07,2023-05-19,Packaging,External,True,ERP_MAIN,2026-06-25 18:35:41,1961621237675580943,3,"MX01,US01,US02",True,True,66.7,0.0,0.0,,
MAT00123,VERP,Material description for MAT00123,M,ACTIVE,49.0,1,174,69.0,665.38,F,P168,False,IN,True,2023-03-01,2023-08-17,Packaging,In-House,True,ERP_MAIN,2026-06-25 18:35:41,-4641098141170159332,2,"DE01,MX01",False,True,100.0,4677.69,6501100.34,1.0,2026-01-01
MAT00124,ROH,Material description for MAT00124,M,OBSOLETE,69.0,100,58,44.0,776.03,E,P192,True,US,False,2019-09-14,2024-09-21,Raw Material,External,True,ERP_MAIN,2026-06-25 18:35:41,-3753265981587777514,4,"DE01,MX01,US01,US02",False,True,100.0,209.0,432347.85,1.0,2026-06-23
MAT00125,ROH,Material description for MAT00125,INVALID,ACTIVE,7.0,10,189,,2195.09,X,P199,True,DE,False,2018-03-30,2023-08-28,Raw Material,Both,False,ERP_MAIN,2026-06-25 18:35:41,2413434016230513548,1,MX01,False,True,100.0,0.0,0.0,,
MAT00126,HIBE,Material description for MAT00126,SET,ACTIVE,19.0,500,56,35.0,305.26,X,P122,False,IN,False,2015-07-12,2023-12-19,MRO,Both,True,ERP_MAIN,2026-06-25 18:35:41,-4234477732002118215,3,"DE01,MX01,US01",False,True,100.0,4867.9,700344.77,1.0,2026-06-11
MAT00127,VERP,Material description for MAT00127,M,OBSOLETE,24.0,500,121,28.0,1504.03,X,P159,True,IN,False,2019-09-03,2024-07-24,Packaging,Both,True,ERP_MAIN,2026-06-25 18:35:41,-6987996456250866758,1,US01,False,True,100.0,1015.04,2560052.68,1.0,2026-06-14
MAT00128,HIBE,Material description for MAT00128,KG,ACTIVE,,100,94,92.0,4147.12,E,P186,True,US,True,2023-07-17,2024-08-24,MRO,External,True,ERP_MAIN,2026-06-25 18:35:41,489119492883753515,1,US01,True,True,83.3,0.0,0.0,,
MAT00129,HIBE,Material description for MAT00129,L,ACTIVE,28.0,10,189,96.0,2394.86,E,P190,False,MX,True,2021-03-11,2023-11-26,MRO,External,True,ERP_MAIN,2026-06-25 18:35:41,-8226618346549557675,1,US02,False,True,100.0,0.0,0.0,,
MAT00130,FERT,Material description for MAT00130,L,ACTIVE,64.0,100,25,92.0,2347.72,F,P147,False,MX,True,2021-04-23,2023-08-15,Finished Good,In-House,True,ERP_MAIN,2026-06-25 18:35:41,5683910796151486920,4,"DE01,MX01,US01,US02",False,True,100.0,719.46,1510901.97,1.0,2026-06-03
MAT00131,HALB,Material description for MAT00131,PC,PROTOTYPE,20.0,10,84,72.0,4166.9,F,P187,False,CN,False,2023-02-11,2024-10-19,Semi-Finished,In-House,True,ERP_MAIN,2026-06-25 18:35:41,-6331112187877588105,3,"DE01,MX01,US01",True,True,100.0,3451.41,2880615.81,1.0,2026-05-28
MAT00132,VERP,Material description for MAT00132,L,ACTIVE,63.0,10,138,7.0,2619.96,E,P185,True,US,False,2016-07-17,2024-10-07,Packaging,External,True,ERP_MAIN,2026-06-25 18:35:41,653710475002578845,1,US02,True,True,100.0,722.04,2095453.95,1.0,2026-04-14
MAT00133,HALB,Material description for MAT00133,KG,ACTIVE,80.0,500,123,2.0,33.56,X,P102,False,IN,False,2015-03-12,2024-05-29,Semi-Finished,Both,True,ERP_MAIN,2026-06-25 18:35:41,8837708808974860818,1,US02,False,True,100.0,1582.67,430090.57,1.0,2026-03-06
MAT00134,VERP,Material description for MAT00134,EA,OBSOLETE,31.0,10,158,45.0,1336.99,F,P151,False,IN,True,2022-10-26,2023-08-20,Packaging,In-House,True,ERP_MAIN,2026-06-25 18:35:41,-3809126828942302743,2,"MX01,US01",False,True,100.0,4910.05,2484288.9,1.0,2026-05-26
MAT00135,FERT,Material description for MAT00135,SET,ACTIVE,5.0,1,103,70.0,2380.29,X,,False,US,False,2019-11-13,2024-10-22,Finished Good,Both,True,ERP_MAIN,2026-06-25 18:35:41,-6485540506745503674,1,US01,True,True,83.3,0.0,0.0,,
MAT00136,FERT,Material description for MAT00136,EA,ACTIVE,30.0,10,177,60.0,1355.84,E,P135,True,DE,False,2015-03-06,2023-08-01,Finished Good,External,True,ERP_MAIN,2026-06-25 18:35:41,2621734459916900585,2,"DE01,US02",False,True,100.0,324.8,85298.98,1.0,2026-05-23
MAT00137,HIBE,Material description for MAT00137,BOX,ACTIVE,,10,144,49.0,3385.34,X,P196,False,,False,2015-11-18,2024-05-27,MRO,Both,True,ERP_MAIN,2026-06-25 18:35:41,1909387356317686356,0,,,False,83.3,0.0,0.0,,
MAT00138,FERT,Material description for MAT00138,BOX,ACTIVE,79.0,500,101,41.0,148.61,F,P157,False,DE,False,2021-03-15,2024-01-20,Finished Good,In-House,True,ERP_MAIN,2026-06-25 18:35:41,-1684719303052925678,4,"DE01,MX01,US01,US02",True,True,100.0,0.0,0.0,,
MAT00139,VERP,Material description for MAT00139,M,ACTIVE,32.0,1,21,48.0,3558.53,X,P149,False,CN,True,2016-01-10,2023-01-06,Packaging,Both,True,ERP_MAIN,2026-06-25 18:35:41,-6298709377079283098,1,MX01,False,True,100.0,1598.16,4128990.19,1.0,2026-06-13
MAT00140,FERT,Material description for MAT00140,EA,ACTIVE,58.0,500,142,13.0,131.8,F,P176,False,MX,True,2018-04-10,2024-02-28,Finished Good,In-House,True,ERP_MAIN,2026-06-25 18:35:41,-4295415907582683168,2,"US01,US02",False,True,100.0,3454.32,3362573.26,1.0,2024-09-08
MAT00141,VERP,Material description for MAT00141,PC,OBSOLETE,74.0,500,43,21.0,694.63,F,P118,True,DE,False,2018-02-04,2024-03-07,Packaging,In-House,True,ERP_MAIN,2026-06-25 18:35:41,5978948232758346946,2,"DE01,US02",False,True,100.0,1847.84,2478895.84,1.0,2025-05-26
MAT00142,FERT,Material description for MAT00142,L,ACTIVE,64.0,500,157,13.0,677.88,E,P142,False,CN,False,2018-10-03,2024-03-16,Finished Good,External,True,ERP_MAIN,2026-06-25 18:35:41,2593333557188298297,3,"DE01,MX01,US02",True,True,100.0,916.79,705809.12,1.0,2026-06-04
MAT00143,HIBE,Material description for MAT00143,SET,ACTIVE,51.0,50,74,81.0,2455.29,X,P141,False,CN,False,2019-02-04,2023-04-27,MRO,Both,True,ERP_MAIN,2026-06-25 18:35:41,-2667156420808363861,1,DE01,False,True,100.0,1043.77,209703.83,1.0,2026-06-01
MAT00144,HIBE,Material description for MAT00144,KG,ACTIVE,60.0,10,112,88.0,346.26,F,P117,False,DE,False,2022-05-21,2023-06-07,MRO,In-House,True,ERP_MAIN,2026-06-25 18:35:41,-6426794139976181367,2,"DE01,MX01",False,True,100.0,0.0,0.0,,
MAT00145,VERP,Material description for MAT00145,PC,OBSOLETE,65.0,100,139,,4842.16,X,P168,True,US,True,2022-05-17,2024-11-11,Packaging,Both,True,ERP_MAIN,2026-06-25 18:35:41,-4267620332972386123,2,"DE01,MX01",True,True,100.0,1063.89,2375549.34,1.0,2026-06-16
MAT00146,FERT,Material description for MAT00146,PC,ACTIVE,52.0,50,110,12.0,1294.06,X,P171,False,MX,False,2019-05-22,2024-04-19,Finished Good,Both,True,ERP_MAIN,2026-06-25 18:35:41,-8944511713452082157,3,"MX01,US01,US02",False,True,100.0,875.11,1723966.7,1.0,2026-03-15
MAT00147,HIBE,Material description for MAT00147,EA,ACTIVE,11.0,1,186,39.0,1715.66,E,P144,False,US,False,2023-02-05,2024-12-14,MRO,External,True,ERP_MAIN,2026-06-25 18:35:41,-3892928991748515296,0,,,False,100.0,0.0,0.0,,
MAT00148,VERP,Material description for MAT00148,BOX,ACTIVE,,50,165,21.0,4649.65,X,P122,False,CN,False,2019-10-13,2024-04-18,Packaging,Both,True,ERP_MAIN,2026-06-25 18:35:41,7439885850295096388,3,"DE01,MX01,US01",True,True,83.3,1244.0,669806.92,1.0,2026-05-18
MAT00149,HALB,Material description for MAT00149,KG,OBSOLETE,4.0,500,50,54.0,1944.48,X,P135,True,IN,True,2023-12-19,2024-07-03,Semi-Finished,Both,True,ERP_MAIN,2026-06-25 18:35:41,5413962508204864303,1,US02,True,True,100.0,3247.03,9703619.27,1.0,2026-05-15
MAT00150,HALB,Material description for MAT00150,EA,ACTIVE,68.0,50,152,50.0,2935.23,F,P158,False,,False,2023-12-24,2023-11-01,Semi-Finished,In-House,True,ERP_MAIN,2026-06-25 18:35:41,-6373362132329345600,4,"DE01,MX01,US01,US02",True,True,100.0,1323.4,3199703.29,1.0,2025-07-16
MAT00151,HIBE,Material description for MAT00151,L,ACTIVE,24.0,50,177,49.0,2091.49,E,P154,False,MX,False,2021-01-10,2024-12-11,MRO,External,True,ERP_MAIN,2026-06-25 18:35:41,-8665801561578336317,1,US02,False,True,100.0,1900.17,1284685.94,1.0,2026-04-06
MAT00152,HALB,Material description for MAT00152,KG,ACTIVE,80.0,1,91,62.0,683.11,F,P164,False,MX,False,2020-07-07,2024-03-01,Semi-Finished,In-House,True,ERP_MAIN,2026-06-25 18:35:41,-3984342529651564154,2,"DE01,MX01",True,True,100.0,2637.75,2431240.55,1.0,2025-12-30
MAT00153,VERP,Material description for MAT00153,EA,ACTIVE,5.0,50,57,21.0,3903.81,X,P198,False,IN,False,2016-04-08,2024-08-09,Packaging,Both,True,ERP_MAIN,2026-06-25 18:35:41,-5358372772557957063,1,US01,True,True,100.0,3536.4,2776533.73,1.0,2026-06-19
MAT00154,ROH,Material description for MAT00154,L,ACTIVE,57.0,500,55,13.0,3680.08,X,P138,True,MX,False,2018-11-28,2023-03-31,Raw Material,Both,True,ERP_MAIN,2026-06-25 18:35:41,4852900889405337494,2,"MX01,US01",False,True,100.0,1567.3,698216.48,1.0,2026-06-15
MAT00155,VERP,Material description for MAT00155,BOX,BLOCKED,76.0,50,181,54.0,830.33,E,P126,True,IN,False,2020-12-20,2023-10-15,Packaging,External,True,ERP_MAIN,2026-06-25 18:35:41,-632421896661164156,4,"DE01,MX01,US01,US02",False,True,100.0,3970.27,11700584.2,1.0,2026-06-10
MAT00156,HIBE,Material description for MAT00156,SET,ACTIVE,66.0,1,34,100.0,2058.28,E,P183,False,,True,2017-10-19,2023-05-30,MRO,External,True,ERP_MAIN,2026-06-25 18:35:41,-5151164861537367833,1,US01,False,True,100.0,2072.63,2564382.19,1.0,2026-01-13
MAT00157,FERT,Material description for MAT00157,SET,OBSOLETE,81.0,50,160,57.0,378.04,E,P195,False,,False,2020-02-06,2024-05-14,Finished Good,External,True,ERP_MAIN,2026-06-25 18:35:41,449277856017089588,0,,,False,100.0,0.0,0.0,,
MAT00158,FERT,Material description for MAT00158,BOX,ACTIVE,59.0,50,16,50.0,1089.54,F,P163,False,CN,False,2018-10-15,2024-07-14,Finished Good,In-House,True,ERP_MAIN,2026-06-25 18:35:41,-7622110255142910678,2,"MX01,US01",True,True,100.0,3909.77,6373628.86,1.0,2026-03-28
MAT00159,HIBE,Material description for MAT00159,BOX,ACTIVE,7.0,1,25,58.0,81.9,E,P100,False,DE,False,2016-06-24,2024-10-27,MRO,External,True,ERP_MAIN,2026-06-25 18:35:41,3256359457147821228,1,MX01,True,True,100.0,0.0,0.0,,
MAT00160,FERT,Material description for MAT00160,L,ACTIVE,11.0,50,170,21.0,259.41,X,P189,False,MX,False,2016-01-09,2024-12-21,Finished Good,Both,True,ERP_MAIN,2026-06-25 18:35:41,4114945127356368537,3,"DE01,MX01,US01",False,True,100.0,0.0,0.0,,
MAT00161,ROH,Material description for MAT00161,KG,PROTOTYPE,57.0,1,2,15.0,4940.78,F,P161,True,DE,False,2016-01-01,2023-04-15,Raw Material,In-House,True,ERP_MAIN,2026-06-25 18:35:41,7450758076089287187,0,,,False,100.0,0.0,0.0,,
MAT00162,ROH,Material description for MAT00162,KG,ACTIVE,18.0,10,17,1.0,3051.79,E,P192,False,,False,2016-09-12,2024-02-26,Raw Material,External,True,ERP_MAIN,2026-06-25 18:35:41,6481517417578210634,2,"DE01,MX01",False,True,100.0,3380.95,89595.17,1.0,2025-01-21
MAT00163,HIBE,Material description for MAT00163,EA,ACTIVE,16.0,500,186,54.0,1572.86,E,P182,True,DE,False,2021-09-27,2024-09-06,MRO,External,True,ERP_MAIN,2026-06-25 18:35:41,-1500556874955462090,1,DE01,True,True,100.0,0.0,0.0,,
MAT00164,HIBE,Material description for MAT00164,EA,ACTIVE,39.0,10,132,24.0,3739.34,F,P130,False,MX,True,2017-09-14,2024-05-26,MRO,In-House,True,ERP_MAIN,2026-06-25 18:35:41,4352699486892009151,2,"MX01,US02",False,True,100.0,3108.82,6346189.71,1.0,2025-05-31
MAT00165,HIBE,Material description for MAT00165,EA,ACTIVE,17.0,100,145,69.0,3414.87,F,P198,True,US,False,2015-10-04,2023-01-15,MRO,In-House,True,ERP_MAIN,2026-06-25 18:35:41,-4286085945234225788,2,"US01,US02",False,True,100.0,719.92,1169668.42,1.0,2026-02-12
MAT00166,FERT,Material description for MAT00166,BOX,ACTIVE,65.0,100,108,10.0,3202.87,X,P135,True,CN,True,2020-09-25,2023-07-28,Finished Good,Both,True,ERP_MAIN,2026-06-25 18:35:41,5996154389962514816,1,US02,True,True,100.0,2940.69,6009005.95,1.0,2026-05-09
MAT00167,HALB,Material description for MAT00167,SET,ACTIVE,83.0,1,79,93.0,4767.16,E,,True,MX,True,2020-02-01,2024-09-18,Semi-Finished,External,True,ERP_MAIN,2026-06-25 18:35:41,3686869270597346256,1,DE01,False,True,83.3,0.0,0.0,,
MAT00168,HIBE,Material description for MAT00168,SET,ACTIVE,18.0,1,41,44.0,2615.27,X,P147,False,,False,2023-03-22,2023-05-01,MRO,Both,True,ERP_MAIN,2026-06-25 18:35:41,8587167538459803340,0,,,False,100.0,0.0,0.0,,
MAT00169,ROH,Material description for MAT00169,PC,ACTIVE,74.0,1,127,46.0,277.67,X,P120,False,US,False,2022-07-24,2023-04-29,Raw Material,Both,True,ERP_MAIN,2026-06-25 18:35:41,-1686410752480119733,4,"DE01,MX01,US01,US02",True,True,100.0,249.99,397044.12,1.0,2026-04-05
MAT00170,HALB,,BOX,ACTIVE,61.0,50,98,22.0,4655.83,E,P191,False,DE,False,2017-10-13,2024-03-02,Semi-Finished,External,True,ERP_MAIN,2026-06-25 18:35:41,-8630574543482830924,2,"US01,US02",True,True,83.3,0.0,0.0,,
MAT00171,FERT,Material description for MAT00171,L,ACTIVE,7.0,10,57,5.0,4770.42,E,P136,False,CN,True,2021-03-15,2024-04-12,Finished Good,External,True,ERP_MAIN,2026-06-25 18:35:41,-1639644455132166356,2,"MX01,US01",True,True,100.0,3033.14,384541.49,1.0,2026-06-22
MAT00172,ROH,Material description for MAT00172,BOX,ACTIVE,60.0,50,151,98.0,3879.54,X,P197,False,DE,True,2019-08-07,2023-01-25,Raw Material,Both,True,ERP_MAIN,2026-06-25 18:35:41,-4168143094881544409,2,"MX01,US02",True,True,100.0,236.04,682764.58,1.0,2026-06-24
MAT00173,HALB,Material description for MAT00173,SET,ACTIVE,1.0,100,188,13.0,1026.37,E,P107,False,,False,2016-01-17,2023-02-14,Semi-Finished,External,True,ERP_MAIN,2026-06-25 18:35:41,-1560922857110704033,1,MX01,True,True,100.0,557.4,1171002.64,1.0,2026-06-08
MAT00174,HALB,Material description for MAT00174,SET,BLOCKED,11.0,500,24,81.0,4099.9,E,P107,False,,True,2017-08-27,2023-10-26,Semi-Finished,External,True,ERP_MAIN,2026-06-25 18:35:41,3232654369240293032,1,DE01,False,True,100.0,0.0,0.0,,
MAT00175,FERT,Material description for MAT00175,M,BLOCKED,41.0,100,69,25.0,680.99,X,P113,False,MX,False,2018-07-10,2024-02-21,Finished Good,Both,True,ERP_MAIN,2026-06-25 18:35:41,3108994479455691920,1,MX01,False,True,100.0,2969.23,2437797.21,1.0,2026-06-17
MAT00176,ROH,Material description for MAT00176,KG,ACTIVE,16.0,1,40,38.0,4132.02,X,P127,False,DE,True,2022-12-22,2023-09-12,Raw Material,Both,True,ERP_MAIN,2026-06-25 18:35:41,6745562693614666635,1,DE01,False,True,100.0,1440.32,265407.77,1.0,2026-06-20
MAT00177,FERT,,L,ACTIVE,4.0,100,115,70.0,1249.64,F,P117,True,US,True,2023-10-04,2023-08-16,Finished Good,In-House,True,ERP_MAIN,2026-06-25 18:35:41,2130962129141569970,3,"DE01,US01,US02",True,True,83.3,3770.86,10158093.5,1.0,2026-06-13
MAT00178,HALB,Material description for MAT00178,SET,ACTIVE,75.0,500,66,9.0,109.49,E,P182,False,DE,True,2018-09-20,2023-05-06,Semi-Finished,External,True,ERP_MAIN,2026-06-25 18:35:41,221240559943619120,0,,,False,100.0,0.0,0.0,,
MAT00179,ROH,Material description for MAT00179,PC,DISCONTINUED,64.0,1,97,22.0,1770.04,E,P157,False,US,False,2021-12-11,2024-09-23,Raw Material,External,True,ERP_MAIN,2026-06-25 18:35:41,-944731693664775693,1,DE01,False,True,100.0,3959.82,3405088.82,1.0,2026-02-20
MAT00180,HALB,Material description for MAT00180,PC,ACTIVE,50.0,10,107,67.0,1246.11,X,P148,False,MX,False,2023-10-06,2024-05-11,Semi-Finished,Both,True,ERP_MAIN,2026-06-25 18:35:41,7587960948682071535,2,"US01,US02",False,True,100.0,267.69,339910.09,1.0,2026-05-28
MAT00181,FERT,Material description for MAT00181,M,BLOCKED,,500,56,,4053.54,F,,False,IN,False,2023-08-07,2024-08-21,Finished Good,In-House,True,ERP_MAIN,2026-06-25 18:35:41,-1184206172919346041,0,,,False,66.7,0.0,0.0,,
MAT00182,HALB,Material description for MAT00182,SET,DISCONTINUED,8.0,10,147,49.0,1774.35,E,P175,False,,False,2019-01-09,2024-08-28,Semi-Finished,External,True,ERP_MAIN,2026-06-25 18:35:41,2718056960771455489,2,"US01,US02",True,True,100.0,4709.41,10362962.52,1.0,2026-06-11
MAT00183,ROH,Material description for MAT00183,PC,ACTIVE,25.0,100,138,62.0,190.3,E,P128,True,IN,False,2015-01-03,2023-12-06,Raw Material,External,True,ERP_MAIN,2026-06-25 18:35:41,2122608254223346969,1,MX01,False,True,100.0,1614.36,2185633.57,1.0,2026-06-06
MAT00184,HIBE,Material description for MAT00184,SET,ACTIVE,42.0,1,5,90.0,4586.16,E,P146,True,CN,False,2022-06-05,2024-02-10,MRO,External,True,ERP_MAIN,2026-06-25 18:35:41,-4219042840850616829,2,"US01,US02",False,True,100.0,2383.13,2534601.74,1.0,2025-04-12
MAT00185,HIBE,Material description for MAT00185,KG,ACTIVE,56.0,100,166,90.0,4843.73,X,P178,False,DE,False,2021-08-09,2023-06-29,MRO,Both,True,ERP_MAIN,2026-06-25 18:35:41,-8922187472020456399,1,US01,False,True,100.0,4211.62,8090437.79,1.0,2025-04-13
MAT00186,VERP,Material description for MAT00186,KG,ACTIVE,,500,100,98.0,4825.94,E,P140,False,,False,2016-03-02,2024-05-23,Packaging,External,True,ERP_MAIN,2026-06-25 18:35:41,671040497782058265,2,"MX01,US02",False,True,83.3,763.42,2174930.14,1.0,2026-05-29
MAT00187,HALB,Material description for MAT00187,L,ACTIVE,12.0,50,114,,1048.82,X,,False,US,False,2015-01-06,2023-02-19,Semi-Finished,Both,True,ERP_MAIN,2026-06-25 18:35:41,-8203820122580409779,2,"US01,US02",False,True,83.3,3907.98,8302347.19,1.0,2026-06-06
MAT00188,VERP,Material description for MAT00188,KG,ACTIVE,49.0,50,139,61.0,3943.76,X,P187,False,DE,False,2015-10-29,2023-02-04,Packaging,Both,True,ERP_MAIN,2026-06-25 18:35:41,5068666126386296843,2,"DE01,US01",False,True,100.0,4926.42,12180573.45,1.0,2026-06-05
MAT00189,FERT,Material description for MAT00189,EA,PROTOTYPE,49.0,10,187,11.0,1690.08,X,P190,True,MX,False,2016-11-06,2024-09-13,Finished Good,Both,True,ERP_MAIN,2026-06-25 18:35:41,4370768452295473778,3,"DE01,MX01,US02",True,True,100.0,61.8,38282.01,1.0,2026-05-26
MAT00190,VERP,Material description for MAT00190,KG,ACTIVE,71.0,500,67,38.0,1188.12,E,P170,False,DE,True,2019-01-17,2023-01-04,Packaging,External,True,ERP_MAIN,2026-06-25 18:35:41,-4845329411899319302,1,DE01,False,True,100.0,3415.16,1023216.09,1.0,2025-01-15
MAT00191,VERP,Material description for MAT00191,SET,ACTIVE,4.0,10,43,10.0,2368.12,E,P150,False,MX,False,2017-12-21,2023-04-04,Packaging,External,True,ERP_MAIN,2026-06-25 18:35:41,-6869352094965901908,2,"DE01,US01",False,True,100.0,1983.78,5689976.99,1.0,2026-05-30
MAT00192,HIBE,Material description for MAT00192,M,ACTIVE,34.0,100,119,34.0,2821.45,E,P185,True,US,False,2018-11-09,2024-07-08,MRO,External,True,ERP_MAIN,2026-06-25 18:35:41,-1869190109247771313,1,US01,True,True,100.0,1900.08,3972535.26,1.0,2024-07-20
MAT00193,VERP,Material description for MAT00193,PC,DISCONTINUED,67.0,100,137,60.0,2863.79,E,P110,False,,True,2020-08-18,2024-08-07,Packaging,External,True,ERP_MAIN,2026-06-25 18:35:41,6455519120960546313,3,"DE01,MX01,US01",False,True,100.0,1692.9,3106590.0,1.0,2026-06-06
MAT00194,HIBE,Material description for MAT00194,PC,OBSOLETE,58.0,10,42,24.0,631.37,F,P187,False,DE,False,2016-08-28,2024-09-01,MRO,In-House,True,ERP_MAIN,2026-06-25 18:35:41,4348348765753715782,2,"MX01,US01",False,True,100.0,334.63,772978.57,1.0,2026-04-19
MAT00195,FERT,Material description for MAT00195,BOX,ACTIVE,51.0,500,83,66.0,2291.06,E,P179,False,US,False,2016-09-04,2023-06-01,Finished Good,External,True,ERP_MAIN,2026-06-25 18:35:41,2987505874320298174,4,"DE01,MX01,US01,US02",True,True,100.0,1276.42,2102174.39,1.0,2026-05-01
MAT00196,HIBE,Material description for MAT00196,EA,ACTIVE,13.0,50,137,52.0,1321.05,X,P177,False,US,True,2018-02-02,2024-02-17,MRO,Both,True,ERP_MAIN,2026-06-25 18:35:41,-2248088867296902757,3,"MX01,US01,US02",False,True,100.0,753.42,1669224.61,1.0,2026-01-21
MAT00197,HALB,Material description for MAT00197,INVALID,ACTIVE,43.0,10,12,34.0,4485.21,E,P138,False,CN,False,2022-10-22,2024-12-02,Semi-Finished,External,False,ERP_MAIN,2026-06-25 18:35:41,3094619821341852669,1,US01,False,True,100.0,2617.51,2953441.23,1.0,2026-06-03
MAT00198,ROH,Material description for MAT00198,L,DISCONTINUED,42.0,50,186,82.0,446.89,F,P152,False,IN,False,2015-08-19,2024-06-11,Raw Material,In-House,True,ERP_MAIN,2026-06-25 18:35:41,4106934696602228929,0,,,False,100.0,0.0,0.0,,
MAT00199,HALB,Material description for MAT00199,M,ACTIVE,73.0,1,44,25.0,4184.96,E,,True,CN,False,2017-03-26,2023-10-08,Semi-Finished,External,True,ERP_MAIN,2026-06-25 18:35:41,-949860689572571244,4,"DE01,MX01,US01,US02",False,True,83.3,0.0,0.0,,
MAT00200,FERT,Material description for MAT00200,SET,OBSOLETE,31.0,50,125,22.0,4802.62,F,P144,False,DE,False,2023-05-26,2024-12-06,Finished Good,In-House,True,ERP_MAIN,2026-06-25 18:35:41,-5923109437101861944,0,,,False,100.0,0.0,0.0,,
